,layer,effective dimensionality,80% variance,alpha,architecture,task,kind,source
0,c2,1.7053521483395078,3.0,1.1707450791482363,AtlasNet,alpha-0.5_elem,Untrained,PyTorch
1,mp2,1.7053521483395078,3.0,1.1707450791482363,AtlasNet,alpha-0.5_elem,Untrained,PyTorch
2,c2,1.6548522268495789,2.0,1.4252960431383173,AtlasNet,alpha-1_elem,Untrained,PyTorch
3,mp2,1.6548522268495789,2.0,1.4252960431383173,AtlasNet,alpha-1_elem,Untrained,PyTorch
4,c2,1.2417779125692745,1.0,2.3579329859727536,AtlasNet,alpha-2_elem,Untrained,PyTorch
5,mp2,1.2417779125692745,1.0,2.3579329859727536,AtlasNet,alpha-2_elem,Untrained,PyTorch
6,c2,1.066551969410135,1.0,3.4001203745344943,AtlasNet,alpha-3_elem,Untrained,PyTorch
7,mp2,1.066551969410135,1.0,3.4001203745344943,AtlasNet,alpha-3_elem,Untrained,PyTorch
