layer,effective dimensionality,80% variance,alpha,architecture,task,kind,source
encode_2,179.2087558543453,559.0,0.6511937783022059,ResNet18,SimCLR,Self-Supervised,VVS
encode_3,455.5749818531685,626.0,0.5312061618865014,ResNet18,SimCLR,Self-Supervised,VVS
encode_4,580.5793115775076,623.0,0.47585053298189367,ResNet18,SimCLR,Self-Supervised,VVS
encode_5,589.6153447222374,626.0,0.46604084496148757,ResNet18,SimCLR,Self-Supervised,VVS
encode_6,345.61261314265334,546.0,0.5953789904747536,ResNet18,SimCLR,Self-Supervised,VVS
encode_7,299.7405356803844,540.0,0.6227051545015932,ResNet18,SimCLR,Self-Supervised,VVS
encode_8,215.21668385900207,468.0,0.6967225354683213,ResNet18,SimCLR,Self-Supervised,VVS
encode_9,232.24704074810714,456.0,0.6764702787214721,ResNet18,SimCLR,Self-Supervised,VVS
