layer,score,score_error,architecture,task,kind,source
c2,0.1883885971365363,0.0042554457584218,AtlasNet,seed_0,ksize_1,pcs_1000
c2,0.1873002199734154,0.0043521779815119,AtlasNet,seed_0,ksize_3,pcs_1000
c2,0.1873405004668475,0.0042964918867471,AtlasNet,seed_0,ksize_5,pcs_1000
c2,0.1888358857368501,0.0042396794969874,AtlasNet,seed_0,ksize_9,pcs_1000
c2,0.1919617418761993,0.0037727496613088,AtlasNet,seed_0,ksize_12,pcs_1000
c2,0.194319553430809,0.004532459483939,AtlasNet,seed_0,ksize_15,pcs_1000
c2,0.1912174449048801,0.0042155518087979,AtlasNet,seed_0,ksize_22,pcs_1000
